"ESIA3",622141554333,622141553927,"Retailer","EKOCELL "
"ESIA3",622141554333,622141554011,"Retailer","TWENTYONE "
"ESIA3",622141554333,622141553926,"Retailer","ARIL "
"ESIA3",622141554333,622141554448,"Retailer","22CELL "
"ESIA3",622141554333,622141554002,"Retailer","ARFIE CELL "
"ESIA3",622141554333,622141553937,"Retailer","KRISNA CELL "
"ESIA3",622141554333,622141553767,"Retailer","ALD CELL "
"ESIA3",622141554333,622141554009,"Retailer","ALVIN CELL "
"ESIA3",622141554333,622141553705,"Retailer","AMELIACEL "
"ESIA3",622141554333,622141404848,"Retailer","KSA SHOP "
"ESIA3",622141554333,622141553781,"Retailer","BULAN CELL "
"ESIA3",622141554333,622141553932,"Retailer","LIA CELL "
"ESIA3",622141554333,622141554341,"Retailer","AFAFCEL "
"ESIA3",622141554333,622141554001,"Retailer","GLORIACELL "
"ESIA3",622141554333,622141553233,"Retailer","FALLAH "
"ESIA3",622141554333,622141553935,"Retailer","TOBASA "
"ESIA3",622141554333,622141553779,"Retailer","PARAMONT CELL "
"ESIA3",622141554333,622141553934,"Retailer","VIRGO "
"ESIA3",622141554333,622141553773,"Retailer","MARKAS CELL "
"ESIA3",622141554333,622141553827,"Retailer","FAFA CELL "
"ESIA3",622141554333,622199418871,"Retailer","BAYU CELL "
"ESIA3",622141554333,622199418931,"Retailer","BAYU CELL "
"ESIA3",622141554333,622199417767,"Retailer","BAYU CELL "
"ESIA3",622141554333,622199418878,"Retailer","BAYU CELL "
"ESIA3",622141554333,622199417734,"Retailer","BAYU CELL "
"ESIA3",622141554333,622141553891,"Retailer","KOPMA "
"ESIA3",622141554333,622199418860,"Retailer","BAYU CELL "
"ESIA3",622141554333,622141553770,"Retailer","DODO CELL "
"ESIA3",622141554333,622199418941,"Retailer","BAYU CELL "
"ESIA3",622141554333,622199417737,"Retailer","BAYU CELL "
"ESIA3",622141554333,622151243559,"Retailer","ksa "
"ESIA3",622141554333,622199418932,"Retailer","BAYU CELL "
"ESIA3",622141554333,622199418926,"Retailer","BAYU CELL "
"ESIA3",622141554333,622199418850,"Retailer","BAYU CELL "
"ESIA3",622141554333,622151243602,"Retailer","ksa "
"ESIA3",622141554333,622199418934,"Retailer","BAYU CELL "
"ESIA3",622141554333,622141554327,"Retailer","angel "
"ESIA3",622141554333,622199422542,"Retailer","Angel "
"ESIA3",622141554333,622199417179,"Retailer","Angel "
"ESIA3",622141554333,622199418940,"Retailer","BAYU CELL "
"ESIA3",622141554333,622151243601,"Retailer","ksa "
"ESIA3",622141554333,622141553701,"Retailer","Angel "
"ESIA3",622141554333,622151243558,"Retailer","ksa "
"ESIA3",622141554333,622151243603,"Retailer","ksa "
"ESIA3",622141554333,622151243604,"Retailer","ksa "
"ESIA3",622141554333,622151243572,"Retailer","ksa "
"ESIA3",622141554333,622199417769,"Retailer","BROTHER81 "
"ESIA3",622141554333,622156154675,"Retailer","ksa "
"ESIA3",622141554333,622156154667,"Retailer","ksa "
"ESIA3",622141554333,622156154676,"Retailer","ksa "
"ESIA3",622141554333,622151243557,"Retailer","ksa "
"ESIA3",622141554333,622156154673,"Retailer","ksa "
"ESIA3",622141554333,622156154674,"Retailer","ksa "
"ESIA3",622141554333,622156154670,"Retailer","ksa "
"ESIA3",622141554333,622156154669,"Retailer","ksa "
"ESIA3",622141554333,622151243560,"Retailer","ksa "
"ESIA3",622141554333,622156154668,"Retailer","ksa "
"ESIA3",622141554333,622141553938,"Retailer","GCELL "
"ESIA3",622141554333,622141553928,"Retailer","KILIS CELL "
"ESIA3",622141554333,622141553771,"Retailer","DIDIT CELL "
"ESIA3",622141554333,622141554008,"Retailer","BRON CELL "
"ESIA3",622141554333,622141554230,"Retailer","KSA SHOP "
"ESIA3",622141554333,622151243556,"Retailer","ksa "
"ESIA3",622141554333,622141554379,"Retailer","DIAN CELL "
"ESIA3",622141554333,622141553790,"Retailer","FAndA "
"ESIA3",622141554333,622199417738,"Retailer","BAYU "
"ESIA3",622141554333,622141553929,"Retailer","BAJANG CELL "
"ESIA3",622141554333,622141404850,"Retailer","KSA SHOP "
"ESIA3",622141554333,622156154677,"Retailer","ksa "
"ESIA3",622141554333,622141553939,"Retailer","NOVI "
"ESIA3",622141554333,622141410660,"Retailer","KSA SHOP "
"ESIA3",622141554333,622141553776,"Retailer","ZETTA CELL "
"ESIA3",622141554333,622141553234,"Retailer","ARYO CEL "
"ESIA3",622141554333,622156154672,"Retailer","ksa "
"ESIA3",622141554333,622141404852,"Retailer","KSA SHOP "
"ESIA3",622141554333,622141408075,"Retailer","KSA SHOP "
"ESIA3",622141554333,622141408061,"Retailer","KSA SHOP "
"ESIA3",622141554333,622141408082,"Retailer","KSA SHOP "
"ESIA3",622141554333,622141408078,"Retailer","KSA SHOP "
"ESIA3",622141554333,622141408066,"Retailer","KSA SHOP "
"ESIA3",622141554333,622141404851,"Retailer","KSA SHOP "
"ESIA3",622141554333,622141408085,"Retailer","KSA SHOP "
"ESIA3",622141554333,622141408064,"Retailer","KSA SHOP "
"ESIA3",622141554333,622141408072,"Retailer","KSA SHOP "
"ESIA3",622141554333,622141408076,"Retailer","KSA SHOP "
"ESIA3",622141554333,622141408062,"Retailer","KSA SHOP "
"ESIA3",622141554333,622141404849,"Retailer","KSA SHOP "
"ESIA3",622141554333,622141408069,"Retailer","KSA SHOP "
"ESIA3",622141554333,622141410656,"Retailer","KSA SHOP "
"ESIA3",622141554333,622141410661,"Retailer","KSA SHOP "
"ESIA3",622141554333,622141553998,"Retailer","AN NAJAH "
"ESIA3",622141554333,622141410655,"Retailer","KSA SHOP "
"ESIA3",622141554333,622141410651,"Retailer","KSA SHOP "
"ESIA3",622141554333,622141553588,"Retailer","MUJI CELL "
"ESIA3",622141554333,622141410654,"Retailer","KSA SHOP "
"ESIA3",622141554333,622141410652,"Retailer","KSA SHOP "
"ESIA3",622141554333,622141410653,"Retailer","KSA SHOP "
"ESIA3",622141554333,622141410659,"Retailer","KSA SHOP "
"ESIA3",622141554333,622141410662,"Retailer","KSA SHOP "
"ESIA3",622141554333,622141554013,"Retailer","21METROS "
"ESIA3",622141554333,622141554007,"Retailer","168CELL "
"ESIA3",622141554333,622141554003,"Retailer","ACC CELL "
"ESIA3",622141554333,622141554010,"Retailer","21CELL "
"ESIA3",622141554333,622141553933,"Retailer","BINTANG LAUT "
"ESIA3",622141554333,622141553931,"Retailer","INTAN CELL "
"ESIA3",622141554333,622141553769,"Retailer","REZA CELL "
"ESIA3",622141554333,622141553922,"Retailer","21RAYYA "
"ESIA3",622141554333,622141553924,"Retailer","21 SAM "
"ESIA3",622141554333,622141553774,"Retailer","SEMAR BUMEN "
"ESIA3",622141554333,622141553778,"Retailer","MANDA CELL "
"ESIA3",622141554333,622141553921,"Retailer","21CELL "
"ESIA3",622141554333,622141553936,"Retailer","DEWA CELL "
"ESIA3",622141554333,622141554447,"Retailer","168CELL "
"ESIA3",622141554333,622141553930,"Retailer","CEPI "
"ESIA3",622141554333,622141554000,"Retailer","BOTE "
"ESIA3",622141554333,622141553780,"Retailer","SHIVA CELL "
"ESIA3",622141554333,622141553920,"Retailer","KILIS CELL "
"ESIA3",622141554333,622141553768,"Retailer","YAYAH CELL "
"ESIA3",622141554333,622141540367,"Retailer","DEDE CELL "
"ESIA3",622141554333,622141553923,"Retailer","21GARIN "
"ESIA3",622141554333,622141554012,"Retailer","21BONRU "
"ESIA4",622141554445,622141553635,"Retailer","KENT CELL "
"ESIA4",622141554445,622141553759,"Retailer","LIA CELL "
"ESIA4",622141554445,622141553627,"Retailer","BOKENG "
"ESIA4",622141554445,622141553590,"Retailer","LAMPUNG CELL "
"ESIA4",622141554445,622141553755,"Retailer","NOYY CEL "
"ESIA4",622141554445,622141553784,"Retailer","IAndP "
"ESIA4",622141554445,622141553798,"Retailer","RIAN CELL "
"ESIA4",622141554445,622141553531,"Retailer","DIKACEL "
"ESIA4",622141554445,622141553867,"Retailer","ICHWAL CELL "
"ESIA4",622141554445,622141553604,"Retailer","SMARTPLUS "
"ESIA4",622141554445,622141553830,"Retailer","PUTRA CELL "
"ESIA4",622141554445,622141553897,"Retailer","NOVI CEL "
"ESIA4",622141554445,622141554371,"Retailer","ALDY CEL "
"ESIA4",622141554445,622141553589,"Retailer","AL-HIKMAH CELL "
"ESIA4",622141554445,622141554386,"Retailer","88 CEL "
"ESIA4",622141554445,622141553868,"Retailer","ADLI CEL "
"ESIA4",622141554445,622141553542,"Retailer","IMAS CELL "
"ESIA4",622141554445,622141553613,"Retailer","TIARA CELULER "
"ESIA4",622141554445,622141553811,"Retailer","FAZA CELL "
"ESIA4",622141554445,622141553761,"Retailer","AAS CELL "
"ESIA4",622141554445,622141553548,"Retailer","CPHONE CEL "
"ESIA4",622141554445,622141553955,"Retailer","ANEKACELL "
"ESIA4",622141554445,622141553785,"Retailer","CAMI "
"ESIA4",622141554445,622141553734,"Retailer","ARUL CELL "
"ESIA4",622141554445,622141553560,"Retailer","B M C "
"ESIA4",622141554445,622141553597,"Retailer","SALYA "
"ESIA4",622141554445,622141553612,"Retailer","ARYA CEL "
"ESIA4",622141554445,622141554800,"Retailer","BOGEL CELL "
"ESIA4",622141554445,622141553602,"Retailer","SMARTPLUS "
"ESIA4",622141554445,622141553534,"Retailer","RIANCEL "
"ESIA4",622141554445,622141554339,"Retailer","RATNA1 "
"ESIA4",622141554445,622141553753,"Retailer","DEWI CELL "
"ESIA4",622141554445,622141553812,"Retailer","AG CELL "
"ESIA4",622141554445,622141554385,"Retailer","FUJI SERVICE "
"ESIA4",622141554445,622141553599,"Retailer","KENT CELULLAR "
"ESIA4",622141554445,622199417744,"Retailer","SIMPATIK CELL "
"ESIA4",622141554445,622141553958,"Retailer","ZAHRA "
"ESIA4",622141554445,622141553817,"Retailer","YANNY CELL "
"ESIA4",622141554445,622141553605,"Retailer","NAGIEB CEL "
"ESIA4",622141554445,622141553227,"Retailer","INOVASI CEL "
"ESIA4",622141554445,622199418900,"Retailer","PUTRI CELL "
"ESIA4",622141554445,622199422626,"Retailer","ksa "
"ESIA4",622141554445,622141554378,"Retailer","ASMOROCELL "
"ESIA4",622141554445,622141553745,"Retailer","SALL CELL "
"ESIA4",622141554445,622151243576,"Retailer","SIFA CELL "
"ESIA4",622141554445,622151243575,"Retailer","SATOS CELL "
"ESIA4",622141554445,622151243571,"Retailer","FITRI CELL "
"ESIA4",622141554445,622151243578,"Retailer","SEXY 1 "
"ESIA4",622141554445,622151243599,"Retailer","BENGKEL CELL "
"ESIA4",622141554445,622151243569,"Retailer","YAN CELL "
"ESIA4",622141554445,622151243573,"Retailer","ksa "
"ESIA4",622141554445,622151243577,"Retailer","PRIMA PHONECELL "
"ESIA4",622141554445,622141553671,"Retailer","AMBY CELL "
"ESIA4",622141554445,622156153528,"Retailer","MILENIUM CELL "
"ESIA4",622141554445,622156153505,"Retailer","DHIYA "
"ESIA4",622141554445,622156154590,"Retailer","ksa "
"ESIA4",622141554445,622156153512,"Retailer","PLATINUM CELL "
"ESIA4",622141554445,622156153510,"Retailer","AGA CELL "
"ESIA4",622141554445,622156153522,"Retailer","DANI CELL "
"ESIA4",622141554445,622156153511,"Retailer","HP CELL "
"ESIA4",622141554445,622156153508,"Retailer","ZAHRA CELL "
"ESIA4",622141554445,622156153514,"Retailer","FAMILY CELL "
"ESIA4",622141554445,622156153513,"Retailer","RIZA CELL "
"ESIA4",622141554445,622151243598,"Retailer","SETIA CELL "
"ESIA4",622141554445,622156154600,"Retailer","ksa "
"ESIA4",622141554445,622156153526,"Retailer","RIKA CELL "
"ESIA4",622141554445,622156154589,"Retailer","ksa "
"ESIA4",622141554445,622156154588,"Retailer","TOMY CELL "
"ESIA4",622141554445,622151243570,"Retailer","PLUS PULSA "
"ESIA4",622141554445,622156153525,"Retailer","BEBAS CELL "
"ESIA4",622141554445,622156153509,"Retailer","3G CELL "
"ESIA4",622141554445,622156153516,"Retailer","ASEP CELL "
"ESIA4",622141554445,622156153523,"Retailer","FAMILY 2 "
"ESIA4",622141554445,622151243579,"Retailer","ID CELL "
"ESIA4",622141554445,622151243600,"Retailer","JONIS CELL "
"ESIA4",622141554445,622156153506,"Retailer","VISTA CELL "
"ESIA4",622141554445,622156154598,"Retailer","ksa "
"ESIA4",622141554445,622199422600,"Retailer","LISA CELL "
"ESIA4",622141554445,622141553629,"Retailer","EGACELL "
"ESIA4",622141554445,622141553593,"Retailer","DINAR CELL "
"ESIA4",622141554445,622141553637,"Retailer","FRIENDS PULSA "
"ESIA4",622141554445,622151243597,"Retailer",2151243597
"ESIA4",622141554445,622141402080,"Retailer","KSA SHOP "
"ESIA4",622141554445,622141402087,"Retailer","KSA SHOP "
"ESIA4",622141554445,622141402085,"Retailer","KSA SHOP "
"ESIA4",622141554445,622141402092,"Retailer","KSA SHOP "
"ESIA4",622141554445,622141402091,"Retailer","KSA SHOP "
"ESIA4",622141554445,622141402090,"Retailer","KSA SHOP "
"ESIA4",622141554445,622141402097,"Retailer","KSA SHOP "
"ESIA4",622141554445,622141406189,"Retailer","KSA SHOP "
"ESIA4",622141554445,622141402086,"Retailer","KSA SHOP "
"ESIA4",622141554445,622141402096,"Retailer","KSA SHOP "
"ESIA4",622141554445,622141402088,"Retailer","RAHMANTIKA "
"ESIA4",622141554445,622156153529,"Retailer","MAXIMA CELL "
"ESIA4",622141554445,622156153527,"Retailer","OPTIMA CELL "
"ESIA4",622141554445,622156153515,"Retailer","GM CELL "
"ESIA4",622141554445,622156153521,"Retailer","RACHEL CELL "
"ESIA4",622141554445,622156154599,"Retailer","ksa "
"ESIA4",622141554445,622141553876,"Retailer","AFNI CELL "
"ESIA4",622141554445,622141404909,"Retailer","KSA SHOP "
"ESIA4",622141554445,622141404910,"Retailer","KSA SHOP "
"ESIA4",622141554445,622141404906,"Retailer","KSA SHOP "
"ESIA4",622141554445,622141404908,"Retailer","KSA SHOP "
"ESIA4",622141554445,622141404911,"Retailer","KSA SHOP "
"ESIA4",622141554445,622141404917,"Retailer","KSA SHOP "
"ESIA4",622141554445,622141404916,"Retailer","DD CELL "
"ESIA4",622141554445,622141406192,"Retailer","KSA SHOP "
"ESIA4",622141554445,622141406191,"Retailer","KSA SHOP "
"ESIA4",622141554445,622141406188,"Retailer","KSA SHOP "
"ESIA4",622141554445,622141404907,"Retailer","KEMBAR CELL "
"ESIA4",622141554445,622141404913,"Retailer","KSA SHOP "
"ESIA4",622141554445,622141404915,"Retailer","KSA SHOP "
"ESIA4",622141554445,622141406187,"Retailer","CHEFA CELL "
"ESIA4",622141554445,622141406186,"Retailer","KSA SHOP "
"ESIA4",622141554445,622141406190,"Retailer","KSA SHOP "
"ESIA4",622141554445,622141408088,"Retailer","KSA SHOP "
"ESIA4",622141554445,622141404914,"Retailer","KSA SHOP "
"ESIA4",622141554445,622141408087,"Retailer","KSA SHOP "
"ESIA4",622141554445,622141408102,"Retailer","KSA SHOP "
"ESIA4",622141554445,622141408042,"Retailer","KSA SHOP "
"ESIA4",622141554445,622141408103,"Retailer","MAKSUM "
"ESIA4",622141554445,622141408105,"Retailer","KSA SHOP "
"ESIA4",622141554445,622141408046,"Retailer","KSA SHOP "
"ESIA4",622141554445,622141408036,"Retailer","KSA SHOP "
"ESIA4",622141554445,622141408037,"Retailer","KSA SHOP "
"ESIA4",622141554445,622141408041,"Retailer","KSA SHOP "
"ESIA4",622141554445,622141408044,"Retailer","KSA SHOP "
"ESIA4",622141554445,622141408038,"Retailer","KSA SHOP "
"ESIA4",622141554445,622141408086,"Retailer","KSA SHOP "
"ESIA4",622141554445,622141404912,"Retailer","KSA SHOP "
"ESIA4",622141554445,622141408104,"Retailer","KSA SHOP "
"ESIA4",622141554445,622141408089,"Retailer","KSA SHOP "
"ESIA4",622141554445,622141408090,"Retailer","KSA SHOP "
"ESIA4",622141554445,622141408045,"Retailer","KSA SHOP "
"ESIA4",622141554445,622141408039,"Retailer","KSA SHOP "
"ESIA4",622141554445,622141408043,"Retailer","KSA SHOP "
"ESIA4",622141554445,622141410649,"Retailer","RAHMANTIKA "
"ESIA4",622141554445,622141410650,"Retailer","RAHMANTIKA "
"ESIA4",622141554445,622141553699,"Retailer","ARMANDO CELL "
"ESIA4",622141554445,622141408059,"Retailer","KSA SHOP "
"ESIA4",622141554445,622141553866,"Retailer","JAYA CELL "
"ESIA4",622141554445,622141553557,"Retailer","KAMON CELL "
"ESIA4",622141554445,622141553737,"Retailer","MTV CEL "
"ESIA4",622141554445,622141553638,"Retailer","NDESO "
"ESIA4",622141554445,622141554335,"Retailer","VIOLACEL "
"ESIA4",622141554445,622141553631,"Retailer","AZKACEL "
"ESIA4",622141554445,622141553533,"Retailer","ABAHCEL "
"ESIA4",622141554445,622141553566,"Retailer","VINKY CELL "
"ESIA4",622141554445,622141553622,"Retailer","BERDIKARI "
"ESIA4",622141554445,622141553587,"Retailer","DORAY CELL "
"ESIA4",622141554445,622141553907,"Retailer","AAN "
"ESIA4",622141554445,622141553577,"Retailer","MUJI CELL "
"ESIA4",622141554445,622141553231,"Retailer","DEVI CELL "
"ESIA4",622141554445,622141554373,"Retailer","MANDAR CELL "
"ESIA4",622141554445,622141553900,"Retailer","HG.YATI "
"ESIA4",622141554445,622141553680,"Retailer","DENIA CELL 2 "
"ESIA4",622141554445,622141553547,"Retailer","HENDRIK CELL "
"ESIA4",622141554445,622141553744,"Retailer","AMAN NIKI "
"ESIA1",622141554111,622141553620,"Retailer","SKC2 "
"ESIA1",622141554111,622141553562,"Retailer","HAFIS 2 CELL "
"ESIA1",622141554111,622141553766,"Retailer","FH CELL "
"ESIA1",622141554111,622141553644,"Retailer","TIARACELL "
"ESIA1",622141554111,622141553697,"Retailer","HOTMENCELL "
"ESIA1",622141554111,622141553662,"Retailer","CECEP CELL "
"ESIA1",622141554111,622141554094,"Retailer","SYAHRUL "
"ESIA1",622141554111,622141553267,"Retailer","MASTER CELL "
"ESIA1",622141554111,622141553949,"Retailer","SALVA CELL "
"ESIA1",622141554111,622141553621,"Retailer","LESTARI "
"ESIA1",622141554111,622141553760,"Retailer","ALDINO VOUCHER "
"ESIA1",622141554111,622141554239,"Retailer","IRENI CELL "
"ESIA1",622141554111,622141553651,"Retailer","RISKY CELL "
"ESIA1",622141554111,622141554376,"Retailer","WARTEL DITRA "
"ESIA1",622141554111,622141553706,"Retailer","ADINDA "
"ESIA1",622141554111,622141553544,"Retailer","JALI CELL "
"ESIA1",622141554111,622141553690,"Retailer","RAFA CELL "
"ESIA1",622141554111,622141553655,"Retailer","AROEL CELL "
"ESIA1",622141554111,622141553959,"Retailer","ELSA CELL "
"ESIA1",622141554111,622141554227,"Retailer","SETIA CELL "
"ESIA1",622141554111,622141554219,"Retailer","ALUNG77 "
"ESIA1",622141554111,622141553901,"Retailer","RIA CELL "
"ESIA1",622141554111,622141553539,"Retailer","BUCEL "
"ESIA1",622141554111,622199417172,"Retailer","FLASH PULSA "
"ESIA1",622141554111,622151241501,"Retailer","PASS CELL "
"ESIA1",622141554111,622141554229,"Retailer","HALO PHONE CEL "
"ESIA1",622141554111,622199417173,"Retailer","andianto "
"ESIA1",622141554111,622141553526,"Retailer","zaky cell "
"ESIA1",622141554111,622141553733,"Retailer","UNYIL CELL "
"ESIA1",622141554111,622199422534,"Retailer","WINDU CELL "
"ESIA1",622141554111,622199422601,"Retailer","OTHA CELL "
"ESIA1",622141554111,622141554323,"Retailer","HANS CELL "
"ESIA1",622141554111,622141554098,"Retailer","MEGA CELL "
"ESIA1",622141554111,622141553862,"Retailer","B 3 LO CELL "
"ESIA1",622141554111,622141553520,"Retailer","ZIDAN CEL "
"ESIA1",622141554111,622141554321,"Retailer","BAYUCELL "
"ESIA1",622141554111,622141553611,"Retailer","NGOPLO CEL "
"ESIA1",622141554111,622141553636,"Retailer","ENDANGCEL "
"ESIA1",622141554111,622141553898,"Retailer","RAGILCELL "
"ESIA1",622141554111,622199422606,"Retailer","TERPEDO "
"ESIA1",622141554111,622199422578,"Retailer","ADE MAKSUM "
"ESIA1",622141554111,622199418883,"Retailer","SIFA CELL "
"ESIA1",622141554111,622199422588,"Retailer","kimas cell "
"ESIA1",622141554111,622141554004,"Retailer","KSA "
"ESIA1",622141554111,622199418882,"Retailer","MARISSA "
"ESIA1",622141554111,622199418885,"Retailer","NASRUL CELL "
"ESIA1",622141554111,622199417766,"Retailer","LEJI CELL "
"ESIA1",622141554111,622199422541,"Retailer","ksa "
"ESIA1",622141554111,622199422594,"Retailer","ksa "
"ESIA1",622141554111,622199422561,"Retailer","ksa "
"ESIA1",622141554111,622199422650,"Retailer","BILBIL CEL "
"ESIA1",622141554111,622199422553,"Retailer","VOUCHER SHOP "
"ESIA1",622141554111,622199422551,"Retailer","ksa "
"ESIA1",622141554111,622141554325,"Retailer","CHERRY CELL "
"ESIA1",622141554111,622141410667,"Retailer","KSA SHOP "
"ESIA1",622141554111,622141553686,"Retailer","RIZKY FITHRI "
"ESIA1",622141554111,622151243567,"Retailer","DEWI CELL "
"ESIA1",622141554111,622151241444,"Retailer","AZI CELL "
"ESIA1",622141554111,622151243566,"Retailer","ALIF CELL "
"ESIA1",622141554111,622151243593,"Retailer","DUTA CELL "
"ESIA1",622141554111,622151243595,"Retailer","TULIP CELL "
"ESIA1",622141554111,622151243568,"Retailer","TERAS CELL "
"ESIA1",622141554111,622199418886,"Retailer","GALLENT "
"ESIA1",622141554111,622199418887,"Retailer","GALLENT CELL "
"ESIA1",622141554111,622199422596,"Retailer","TONI CELL "
"ESIA1",622141554111,622141553540,"Retailer","IWANCEL "
"ESIA1",622141554111,622156153491,"Retailer","RAIHAN "
"ESIA1",622141554111,622151243596,"Retailer","RISGUNA CELL "
"ESIA1",622141554111,622156153473,"Retailer","SKM CELL "
"ESIA1",622141554111,622156153490,"Retailer","SANY CELL "
"ESIA1",622141554111,622156153500,"Retailer","HONARY "
"ESIA1",622141554111,622156153475,"Retailer","HONARY "
"ESIA1",622141554111,622156153478,"Retailer","HASBY CELL "
"ESIA1",622141554111,622156154662,"Retailer","LOLLY "
"ESIA1",622141554111,622156154663,"Retailer","LOLLY "
"ESIA1",622141554111,622156153472,"Retailer","DANY "
"ESIA1",622141554111,622156153479,"Retailer","WANDA CELL "
"ESIA1",622141554111,622156153476,"Retailer","IBNU CELL "
"ESIA1",622141554111,622156153474,"Retailer","ksa "
"ESIA1",622141554111,622151243594,"Retailer","DONI CELL "
"ESIA1",622141554111,622156153503,"Retailer","KLIK CELL "
"ESIA1",622141554111,622156153502,"Retailer","OIM CELL "
"ESIA1",622141554111,622156154591,"Retailer","DSP "
"ESIA1",622141554111,622156153477,"Retailer","BRIVO 4 "
"ESIA1",622141554111,622156154664,"Retailer","ANDIKA CELL "
"ESIA1",622141554111,622151243592,"Retailer","CAHAYA CELL "
"ESIA1",622141554111,622156153501,"Retailer","ROHMAT CELL "
"ESIA1",622141554111,622151243561,"Retailer","BALGIS CELL "
"ESIA1",622141554111,622141554231,"Retailer","FAJAR CELL "
"ESIA1",622141554111,622141553911,"Retailer","TARUNA CELL "
"ESIA1",622141554111,622141553843,"Retailer","JALU CELL "
"ESIA1",622141554111,622141554326,"Retailer","GUNTURCELL "
"ESIA1",622141554111,622141553685,"Retailer","VJ COMUNICATION "
"ESIA1",622141554111,622141402113,"Retailer","FRIENDS 3 "
"ESIA1",622141554111,622141404847,"Retailer","LAMBANG "
"ESIA1",622141554111,622141404854,"Retailer","FARZA CELL "
"ESIA1",622141554111,622141404856,"Retailer","EKA CELL "
"ESIA1",622141554111,622141404923,"Retailer","ARIF TAG "
"ESIA1",622141554111,622141402101,"Retailer","SYAM CELL "
"ESIA1",622141554111,622141404903,"Retailer","KSA SHOP "
"ESIA1",622141554111,622141404905,"Retailer","KSA SHOP "
"ESIA1",622141554111,622141406208,"Retailer","SUMBER TELEBOM "
"ESIA1",622141554111,622141406228,"Retailer","ALEX "
"ESIA1",622141554111,622141404904,"Retailer","KSA SHOP "
"ESIA1",622141554111,622141406221,"Retailer","ALEX "
"ESIA1",622141554111,622141402098,"Retailer","KSA SHOP "
"ESIA1",622141554111,622141404902,"Retailer","KSA SHOP "
"ESIA1",622141554111,622141406227,"Retailer","ALEX "
"ESIA1",622141554111,622141404855,"Retailer","EDGAR CELL "
"ESIA1",622141554111,622141404857,"Retailer","BALAI CELL "
"ESIA1",622141554111,622141404927,"Retailer","A2 CELL "
"ESIA1",622141554111,622141404846,"Retailer","LAMBANG "
"ESIA1",622141554111,622141404888,"Retailer","CIPTA CELL "
"ESIA1",622141554111,622141406233,"Retailer","MC CELL "
"ESIA1",622141554111,622141406222,"Retailer","CIPTA CELL "
"ESIA1",622141554111,622141408040,"Retailer","SANDY "
"ESIA1",622141554111,622141404926,"Retailer","DSM CELL "
"ESIA1",622141554111,622141404853,"Retailer","KSA SHOP "
"ESIA1",622141554111,622141404924,"Retailer","DALFA CELL "
"ESIA1",622141554111,622141404925,"Retailer","ETY CELL "
"ESIA1",622141554111,622141406220,"Retailer","ALEX "
"ESIA1",622141554111,622141408080,"Retailer","KSA SHOP "
"ESIA1",622141554111,622141553852,"Retailer","ZELLACELL "
"ESIA1",622141554111,622141410696,"Retailer","KSA SHOP "
"ESIA1",622141554111,622141553681,"Retailer","DENIA CELL "
"ESIA1",622141554111,622141554374,"Retailer","RAZKA-RIZKI CELL "
"ESIA1",622141554111,622141553854,"Retailer","PUTRA PANDAWA "
"ESIA1",622141554111,622141554095,"Retailer","SURYA CELLII "
"ESIA1",622141554111,622141553633,"Retailer","RAMBE "
"ESIA1",622141554111,622141553855,"Retailer","BING CELL "
"ESIA1",622141554111,622141553603,"Retailer","CEMARA CEL "
"ESIA1",622141554111,622141553596,"Retailer","T N TWIN "
"ESIA1",622141554111,622141553788,"Retailer","NABILACEL "
"ESIA1",622141554111,622141554384,"Retailer","AJO CEL "
"ESIA1",622141554111,622141554370,"Retailer","NITA CEL "
"ESIA1",622141554111,622141554320,"Retailer","DUNIA CELL "
"ESIA1",622141554111,622141554342,"Retailer","BASMOL CELL "
"ESIA1",622141554111,622199417170,"Retailer","DELIKO TOP-UP "
"ESIA1",622141554111,622141554102,"Retailer","SOFYAN CEL "
"ESIA1",622141554111,622141553948,"Retailer","ZAKI CELL "
"ESIA1",622141554111,622141553783,"Retailer","SUYATNO "
"ESIA1",622141554111,622141553580,"Retailer","DHELIA CELL "
"ESIA1",622141554111,622141553616,"Retailer","KHOSY CEL "
"ESIA1",622141554111,622141554240,"Retailer","NOVI CELL "
"ESIA1",622141554111,622141554106,"Retailer","ZAENAL CELL "
"ESIA1",622141554111,622141554332,"Retailer","MG "
"ESIA1",622141554111,622141553786,"Retailer","RATNA CEL2 "
"ESIA1",622141554111,622141553910,"Retailer","MULYADI "
"ESIA1",622141554111,622199422533,"Retailer","AKBAR CELL "
"ESIA1",622141554111,622141553833,"Retailer","IRSYAD CELL "
"ESIA1",622141554111,622151241434,"Retailer","RIRIN CELL "
"ESIA1",622141554111,622141553673,"Retailer","CNR CELL "
"ESIA1",622141554111,622141554116,"Retailer","JONCELLULAR "
"ESIA1",622141554111,622141553702,"Retailer","PAM-PAM CELL "
"ESIA1",622141554111,622141553235,"Retailer","WILLIAM CEL "
"ESIA1",622141554111,622141553546,"Retailer","FIKRI CEL "
"ESIA1",622141554111,622141553845,"Retailer","TAZAM CELL "
"ESIA2",622141554222,622141554369,"Retailer","EMANX CELL "
"ESIA2",622141554222,622141554232,"Retailer","QONIT CELL "
"ESIA2",622141554222,622199417739,"Retailer","WAWAN "
"ESIA2",622141554222,622141553795,"Retailer","SAVANA "
"ESIA2",622141554222,622141553517,"Retailer","EVICEL "
"ESIA2",622141554222,622141553624,"Retailer","SKC "
"ESIA2",622141554222,622141408054,"Retailer","KSA SHOP "
"ESIA2",622141554222,622141553713,"Retailer","DEVCELL "
"ESIA2",622141554222,622141553561,"Retailer","NOVALCELL "
"ESIA2",622141554222,622141553905,"Retailer","NURIL CELL "
"ESIA2",622141554222,622141410664,"Retailer","KSA SHOP "
"ESIA2",622141554222,622141410689,"Retailer","KSA SHOP "
"ESIA2",622141554222,622141554225,"Retailer","METAMORFOCELL "
"ESIA2",622141554222,622141553805,"Retailer","ZAHRA1 "
"ESIA2",622141554222,622141554236,"Retailer","DWI CELL "
"ESIA2",622141554222,622141553696,"Retailer","AGUS KORAN "
"ESIA2",622141554222,622141553765,"Retailer","JIHADCELL "
"ESIA2",622141554222,622141553581,"Retailer","ADELIA CELL "
"ESIA2",622141554222,622141553711,"Retailer","CARINA CELL "
"ESIA2",622141554222,622141553856,"Retailer","WIWIT CELL "
"ESIA2",622141554222,622151241495,"Retailer","BANDAR CELL "
"ESIA2",622141554222,622151241488,"Retailer","ARIF AW "
"ESIA2",622141554222,622151241485,"Retailer","DEDE CELL "
"ESIA2",622141554222,622151241493,"Retailer","RIAN 3 "
"ESIA2",622141554222,622141553819,"Retailer","LINK CELULLAR "
"ESIA2",622141554222,622141553714,"Retailer","LAHAMDA.2 "
"ESIA2",622141554222,622141553828,"Retailer","WANS CELL "
"ESIA2",622141554222,622141553842,"Retailer","IMAS CELL "
"ESIA2",622141554222,622141554390,"Retailer","BERKAH CELL "
"ESIA2",622141554222,622141553952,"Retailer","POS SELULER 2 "
"ESIA2",622141554222,622141553618,"Retailer","NADINCELL "
"ESIA2",622141554222,622141554377,"Retailer","BELIBIS "
"ESIA2",622141554222,622141554099,"Retailer","PERMATA CELL "
"ESIA2",622141554222,622151241489,"Retailer","ANIS CELL "
"ESIA2",622141554222,622151241491,"Retailer","HEBRING "
"ESIA2",622141554222,622151241451,"Retailer","BHATI JAYA CELL "
"ESIA2",622141554222,622151241492,"Retailer","RIZKY CELL "
"ESIA2",622141554222,622141553850,"Retailer","TOKO DINAR "
"ESIA2",622141554222,622151241500,"Retailer","SJ CELL "
"ESIA2",622141554222,622141554233,"Retailer","MAHRIE CEL "
"ESIA2",622141554222,622141553732,"Retailer","CAHAYA "
"ESIA2",622141554222,622141553735,"Retailer","GMCCEL "
"ESIA2",622141554222,622141554093,"Retailer","SMALLVILLE CELL "
"ESIA2",622141554222,622151241483,"Retailer","CIPTA CELL "
"ESIA2",622141554222,622141553894,"Retailer","ALGHOZALI CELL "
"ESIA2",622141554222,622141553615,"Retailer","JANUAR "
"ESIA2",622141554222,622151241450,"Retailer","AA CELL "
"ESIA2",622141554222,622141553649,"Retailer","YUPI "
"ESIA2",622141554222,622141554318,"Retailer","HAndR "
"ESIA2",622141554222,622151241484,"Retailer","CIPTA CELL "
"ESIA2",622141554222,622141553585,"Retailer","DHELIA CELL "
"ESIA2",622141554222,622141553853,"Retailer","VIKA CELL "
"ESIA2",622141554222,622151241498,"Retailer","BRIVO CELL "
"ESIA2",622141554222,622151241499,"Retailer","NABILA 2 "
"ESIA2",622141554222,622151241497,"Retailer","Q-AJI "
"ESIA2",622141554222,622141553746,"Retailer","S.M.CELL "
"ESIA2",622141554222,622141553700,"Retailer","LAHAMDA "
"ESIA2",622141554222,622151241490,"Retailer","ERWINAH "
"ESIA2",622141554222,622156153520,"Retailer","VIDA CELL "
"ESIA2",622141554222,622156153460,"Retailer","ROSE (SUN) "
"ESIA2",622141554222,622156153488,"Retailer","TEKOI CELL "
"ESIA2",622141554222,622156153462,"Retailer","JM CELL "
"ESIA2",622141554222,622156153518,"Retailer","IQBAL CELL "
"ESIA2",622141554222,622156153466,"Retailer","ANUGRAH "
"ESIA2",622141554222,622156153465,"Retailer","RUDY CELL "
"ESIA2",622141554222,622156153463,"Retailer","BINTANG CELL "
"ESIA2",622141554222,622156153461,"Retailer","HERMAN "
"ESIA2",622141554222,622156153489,"Retailer","GESIT CELL "
"ESIA2",622141554222,622156153486,"Retailer","RAFID CELL "
"ESIA2",622141554222,622156153471,"Retailer","FEDER CELL "
"ESIA2",622141554222,622156153469,"Retailer","USMAN (TAG) "
"ESIA2",622141554222,622156153487,"Retailer","UNGU CELL "
"ESIA2",622141554222,622156153485,"Retailer","31 CELL "
"ESIA2",622141554222,622156153467,"Retailer","ADIFTA CELL "
"ESIA2",622141554222,622156153464,"Retailer","AKBAR PHONE "
"ESIA2",622141554222,622156153470,"Retailer","ksa "
"ESIA2",622141554222,622156153468,"Retailer","WAWAN TAG "
"ESIA2",622141554222,622141553239,"Retailer","LISA "
"ESIA2",622141554222,622151241494,"Retailer","QIU-QIU GAME "
"ESIA2",622141554222,622151241482,"Retailer","ROSE CELL "
"ESIA2",622141554222,622199417746,"Retailer","NAGA PONSEL "
"ESIA2",622141554222,622141554237,"Retailer","DWI CELL 2 "
"ESIA2",622141554222,622141553522,"Retailer","ANDRICEL "
"ESIA2",622141554222,622141554392,"Retailer","ANIRA PULSA "
"ESIA2",622141554222,622141553835,"Retailer","SIGIT CELL "
"ESIA2",622141554222,622141402169,"Retailer","ALDIA CELL "
"ESIA2",622141554222,622141402170,"Retailer","ANIS CELL "
"ESIA2",622141554222,622141402173,"Retailer","FILLA CELL "
"ESIA2",622141554222,622141402172,"Retailer","IWAN CELL "
"ESIA2",622141554222,622141402167,"Retailer","LILI CELL "
"ESIA2",622141554222,622141402160,"Retailer","KUBIL CELL "
"ESIA2",622141554222,622141402168,"Retailer","ANEKA 1 "
"ESIA2",622141554222,622141402171,"Retailer","SUNAN CELL "
"ESIA2",622141554222,622141402174,"Retailer","BILQIS CELL "
"ESIA2",622141554222,622141402175,"Retailer","ANEKA 2 "
"ESIA2",622141554222,622141402176,"Retailer","TIARA CELL "
"ESIA2",622141554222,622141402177,"Retailer","NANDA CELL "
"ESIA2",622141554222,622141402178,"Retailer","ANA CELL "
"ESIA2",622141554222,622141402111,"Retailer","METAL CELL "
"ESIA2",622141554222,622141402159,"Retailer","MAHFUD "
"ESIA2",622141554222,622156153519,"Retailer","VALDO CELL "
"ESIA2",622141554222,622141404845,"Retailer","RICARDO "
"ESIA2",622141554222,622141404844,"Retailer","RICARDO "
"ESIA2",622141554222,622141404932,"Retailer","KSA SHOP "
"ESIA2",622141554222,622141404921,"Retailer","KSA SHOP "
"ESIA2",622141554222,622141404931,"Retailer","ETOS CELL2 "
"ESIA2",622141554222,622141404928,"Retailer","NIZAR CELL "
"ESIA2",622141554222,622141404929,"Retailer","KSA SHOP "
"ESIA2",622141554222,622141404920,"Retailer","KSA SHOP "
"ESIA2",622141554222,622141406229,"Retailer","KSA SHOP "
"ESIA2",622141554222,622141404930,"Retailer","ETOS CELL1 "
"ESIA2",622141554222,622141406230,"Retailer","KSA SHOP "
"ESIA2",622141554222,622141406232,"Retailer","RIAN CELL(BUDI) "
"ESIA2",622141554222,622141406231,"Retailer","KSA SHOP "
"ESIA2",622141554222,622141404922,"Retailer","KSA SHOP "
"ESIA2",622141554222,622141408056,"Retailer","KSA SHOP "
"ESIA2",622141554222,622141408060,"Retailer","KSA SHOP "
"ESIA2",622141554222,622141408055,"Retailer","KSA SHOP "
"ESIA2",622141554222,622141408052,"Retailer","KSA SHOP "
"ESIA2",622141554222,622141408053,"Retailer","KSA SHOP "
"ESIA2",622141554222,622141404919,"Retailer","POINT CELL "
"ESIA2",622141554222,622141404918,"Retailer","POINT CELL "
"ESIA2",622141554222,622141554114,"Retailer","PARMACELL "
"ESIA2",622141554222,622141404900,"Retailer","KSA SHOP "
"ESIA2",622141554222,622141408100,"Retailer","KSA SHOP "
"ESIA2",622141554222,622141408057,"Retailer","KSA SHOP "
"ESIA2",622141554222,622141408058,"Retailer","KSA SHOP "
"ESIA2",622141554222,622141553579,"Retailer","CHEMOT CELL "
"ESIA2",622141554222,622141553658,"Retailer","EMBERPULSA "
"ESIA2",622141554222,622141553576,"Retailer","AZZ CELL "
"ESIA2",622141554222,622141553904,"Retailer","IKHRAM "
"ESIA2",622141554222,622141553223,"Retailer","ALFIAN CEL "
"ESIA2",622141554222,622141553698,"Retailer","MALIKA CELL "
"ESIA2",622141554222,622141553659,"Retailer","EMBERPULSA "
"ESIA2",622141554222,622141553626,"Retailer","HRCEL "
"ESIA2",622141554222,622141553525,"Retailer","RIZKI FOTO CEL "
"ESIA2",622141554222,622141553656,"Retailer","MUTIARA CELL "
"ESIA2",622141554222,622141554005,"Retailer","KSA SHOP "
"ESIA2",622141554222,622141553553,"Retailer","MERUYA "
"ESIA2",622141554222,622141553726,"Retailer","LAURA CELL "
"ESIA2",622141554222,622141553715,"Retailer","ADAM CELL "
"ESIA2",622141554222,622141554372,"Retailer","KELVIN CEL "
"ESIA2",622141554222,622141553823,"Retailer","INOVASI "
"ESIA2",622141554222,622141553966,"Retailer","BUDI CELL "
"ESIA2",622141554222,622141553652,"Retailer","STARCELL "
"ESIA2",622141554222,622141553582,"Retailer","ADELIA CEL "
"ESIA2",622141554222,622141553630,"Retailer","RATU CELL "
"ESIA2",622141554222,622141553583,"Retailer","DILAH CELL "
"ESIA2",622141554222,622141553720,"Retailer","TNC CELL "
"ESIA2",622141554222,622141410705,"Retailer","KSA SHOP "
"ESIA2",622141554222,622141553814,"Retailer","FAMILA CELL "
"ESIA2",622141554222,622141553800,"Retailer","TOKO AINA CELL "
"ESIA2",622141554222,622141554221,"Retailer","DEDY CEL "
"ESIA2",622141554222,622141553648,"Retailer","YUPI "
"ESIA2",622141554222,622141554220,"Retailer","ADE CEL "
"ESIA5",622141553555,622141553748,"Retailer","TAKUSANGKA "
"ESIA5",622141553555,622141553836,"Retailer","DHUMA CELL "
"ESIA5",622141553555,622141553528,"Retailer","YUDDI MANDIRI CELL "
"ESIA5",622141553555,622141553584,"Retailer","IDZAN CELL "
"ESIA5",622141553555,622141554330,"Retailer","AFIFCEL "
"ESIA5",622141553555,622141553657,"Retailer","EMIL CELL "
"ESIA5",622141553555,622141553758,"Retailer","SYLVICELL "
"ESIA5",622141553555,622141553834,"Retailer","IRSYAD CELL "
"ESIA5",622141553555,622141553578,"Retailer","ADEIA CELL "
"ESIA5",622141553555,622141553617,"Retailer","HASIAN "
"ESIA5",622141553555,622141553899,"Retailer","SALAM CELL "
"ESIA5",622141553555,622141553221,"Retailer","FARA CEL "
"ESIA5",622141553555,622141553797,"Retailer","SAVANA "
"ESIA5",622141553555,622141553541,"Retailer","RAJACELL "
"ESIA5",622141553555,622141553642,"Retailer","AYU CELL "
"ESIA5",622141553555,622141553944,"Retailer","PLASMA CELL "
"ESIA5",622141553555,622141554115,"Retailer","FAISHOL CELL "
"ESIA5",622141553555,622141553564,"Retailer","RAJAWALI CELLULLAR "
"ESIA5",622141553555,622141553224,"Retailer","ADE CEL "
"ESIA5",622141553555,622141553598,"Retailer","FARES CEEL "
"ESIA5",622141553555,622141553906,"Retailer","DIMAS CEEL "
"ESIA5",622141553555,622141553822,"Retailer","WANBENS "
"ESIA5",622141553555,622141554241,"Retailer","DAndD CEL "
"ESIA5",622141553555,622141554235,"Retailer","FIKAR CELL "
"ESIA5",622141553555,622141553787,"Retailer","EXCEL CEL "
"ESIA5",622141553555,622141553824,"Retailer","M-ONE CELL "
"ESIA5",622141553555,622141553647,"Retailer","FAHMI CELL "
"ESIA5",622141553555,622141553717,"Retailer","SADM CEL "
"ESIA5",622141553555,622151241435,"Retailer","BULAN CELL "
"ESIA5",622141553555,622151241447,"Retailer","BAGUS CELL 1 "
"ESIA5",622141553555,622141553569,"Retailer","INDRA CELL "
"ESIA5",622141553555,622141553595,"Retailer","SAMCELL "
"ESIA5",622141553555,622141553719,"Retailer","HENY GSM "
"ESIA5",622141553555,622141553965,"Retailer","YAZID "
"ESIA5",622141553555,622141553665,"Retailer","MARCEL "
"ESIA5",622141553555,622141553228,"Retailer","GUNDUL "
"ESIA5",622141553555,622141553230,"Retailer","SAHABAT CELL "
"ESIA5",622141553555,622141410713,"Retailer","KSA SHOP "
"ESIA5",622141553555,622151241433,"Retailer","DEDEX CELL "
"ESIA5",622141553555,622151241438,"Retailer","CEMPLON CELL "
"ESIA5",622141553555,622141553718,"Retailer","JAYA ABADI CELL "
"ESIA5",622141553555,622151241439,"Retailer","AFAF 2 "
"ESIA5",622141553555,622141553954,"Retailer","CLASSIC "
"ESIA5",622141553555,622141553912,"Retailer","NISACELL "
"ESIA5",622141553555,622151241440,"Retailer","INTAN CELL "
"ESIA5",622141553555,622151241432,"Retailer","ksa "
"ESIA5",622141553555,622151241436,"Retailer","MANIAC CELL "
"ESIA5",622141553555,622141410711,"Retailer","KSA SHOP "
"ESIA5",622141553555,622141553892,"Retailer","VANIA CELL "
"ESIA5",622141553555,622151241437,"Retailer","METAMORFO 2 "
"ESIA5",622141553555,622151243584,"Retailer","KARMILA CELL "
"ESIA5",622141553555,622141406226,"Retailer","KSA SHOP "
"ESIA5",622141553555,622141553606,"Retailer","DEPOT EDO "
"ESIA5",622141553555,622151241446,"Retailer","BAGUS CELL 2 "
"ESIA5",622141553555,622151241441,"Retailer","ksa "
"ESIA5",622141553555,622151241442,"Retailer","BRIVO CELL "
"ESIA5",622141553555,622151241448,"Retailer","DAUN SOLUTION "
"ESIA5",622141553555,622141410658,"Retailer","KSA SHOP "
"ESIA5",622141553555,622141410712,"Retailer","KSA SHOP "
"ESIA5",622141553555,622151243583,"Retailer","WIJAYA CELL "
"ESIA5",622141553555,622151243581,"Retailer","AGIE CELL "
"ESIA5",622141553555,622151243588,"Retailer","ZANTUK CELL "
"ESIA5",622141553555,622151241445,"Retailer","SV4 CELL "
"ESIA5",622141553555,622151243587,"Retailer","HOKI CELL "
"ESIA5",622141553555,622151243580,"Retailer","HARMONY CELL "
"ESIA5",622141553555,622151243582,"Retailer","RADAR CELL "
"ESIA5",622141553555,622151243586,"Retailer","KIA CELL "
"ESIA5",622141553555,622151243585,"Retailer","AGUNG CELL "
"ESIA5",622141553555,622141553688,"Retailer","NUSA CEL "
"ESIA5",622141553555,622156154657,"Retailer","ULLY CELL "
"ESIA5",622141553555,622156154680,"Retailer","AZIZAH CELL "
"ESIA5",622141553555,622156154595,"Retailer","SAIROMA "
"ESIA5",622141553555,622156154678,"Retailer","INDRA MERUYA "
"ESIA5",622141553555,622151241443,"Retailer","RIZKUNA "
"ESIA5",622141553555,622151243589,"Retailer","MEMET CELL "
"ESIA5",622141553555,622141553832,"Retailer","HERU CELL "
"ESIA5",622141553555,622156154596,"Retailer","LAMRAMOS "
"ESIA5",622141553555,622141553763,"Retailer","HANIF CELL "
"ESIA5",622141553555,622156154594,"Retailer","ADIS CELL "
"ESIA5",622141553555,622141553556,"Retailer","BEJO CELL "
"ESIA5",622141553555,622141553840,"Retailer","RAMACELL "
"ESIA5",622141553555,622141554238,"Retailer","MITRACELL "
"ESIA5",622141553555,622141553908,"Retailer","FERY CELL "
"ESIA5",622141553555,622141553725,"Retailer","PS CELL "
"ESIA5",622141553555,622141410663,"Retailer","ASEP CELL "
"ESIA5",622141553555,622156154597,"Retailer","ANUGRAH CELL "
"ESIA5",622141553555,622141402125,"Retailer","CAHYA 3 "
"ESIA5",622141553555,622141402114,"Retailer","COEPLIS CELL "
"ESIA5",622141553555,622156154586,"Retailer","EDO CELL "
"ESIA5",622141553555,622141402117,"Retailer","11 CELL "
"ESIA5",622141553555,622156154593,"Retailer","ksa shop "
"ESIA5",622141553555,622156154592,"Retailer","ksa shop "
"ESIA5",622141553555,622141402124,"Retailer","SAFA CELL "
"ESIA5",622141553555,622141402123,"Retailer","IRTA CELL "
"ESIA5",622141553555,622141402119,"Retailer","AFNI CELL "
"ESIA5",622141553555,622141402121,"Retailer","ANUGERAH CELL "
"ESIA5",622141553555,622141402122,"Retailer","GLORY CELL "
"ESIA5",622141553555,622141402115,"Retailer","YUDA CELL "
"ESIA5",622141553555,622141402128,"Retailer","AFI CELL "
"ESIA5",622141553555,622141402163,"Retailer","ksa "
"ESIA5",622141553555,622141402164,"Retailer","PS 2 "
"ESIA5",622141553555,622141402166,"Retailer","FIDA CELL "
"ESIA5",622141553555,622141402162,"Retailer","ksa "
"ESIA5",622141553555,622141402161,"Retailer","KSA "
"ESIA5",622141553555,622141402116,"Retailer","SIMPLE PULSA "
"ESIA5",622141553555,622141402127,"Retailer","CAHYA 2 "
"ESIA5",622141553555,622141402126,"Retailer","CAHAYA 1 "
"ESIA5",622141553555,622141402165,"Retailer","ABILI CELL "
"ESIA5",622141553555,622141402118,"Retailer","ksa "
"ESIA5",622141553555,622141402120,"Retailer","JAVACELL "
"ESIA5",622141553555,622156154659,"Retailer","NINA "
"ESIA5",622141553555,622156154658,"Retailer","RIFQI CELL "
"ESIA5",622141553555,622141410657,"Retailer","KSA SHOP "
"ESIA5",622141553555,622141553902,"Retailer","NINA CELL "
"ESIA5",622141553555,622141402100,"Retailer","ADZKRU "
"ESIA5",622141553555,622141404889,"Retailer","KSA SHOP "
"ESIA5",622141553555,622141404894,"Retailer","Q CELL "
"ESIA5",622141553555,622141404895,"Retailer","RAMA CELL "
"ESIA5",622141553555,622141404896,"Retailer","KSA SHOP "
"ESIA5",622141553555,622141404891,"Retailer","ARYA CELL "
"ESIA5",622141553555,622141404897,"Retailer","KSA SHOP "
"ESIA5",622141553555,622141404901,"Retailer","ILHAM "
"ESIA5",622141553555,622141404898,"Retailer","KSA SHOP "
"ESIA5",622141553555,622141404893,"Retailer","KSA SHOP "
"ESIA5",622141553555,622141404890,"Retailer","KSA SHOP "
"ESIA5",622141553555,622141404892,"Retailer","KSA SHOP "
"ESIA5",622141553555,622141404899,"Retailer","INTAN CELL "
"ESIA5",622141553555,622141406219,"Retailer","MATAHARI CELL "
"ESIA5",622141553555,622141406218,"Retailer","SARDAN CELL "
"ESIA5",622141553555,622141406217,"Retailer","BERKAH CELL "
"ESIA5",622141553555,622141406216,"Retailer","3 DARA CELL "
"ESIA5",622141553555,622141406223,"Retailer","KSA SHOP "
"ESIA5",622141553555,622141406215,"Retailer","KSA SHOP "
"ESIA5",622141553555,622141406225,"Retailer","RAYHAN CELL "
"ESIA5",622141553555,622141408099,"Retailer","KSA SHOP "
"ESIA5",622141553555,622141408101,"Retailer","KSA SHOP "
"ESIA5",622141553555,622141402099,"Retailer","KSA SHOP "
"ESIA5",622141553555,622141408096,"Retailer","KSA SHOP "
"ESIA5",622141553555,622141408092,"Retailer","KSA SHOP "
"ESIA5",622141553555,622141408097,"Retailer","KSA SHOP "
"ESIA5",622141553555,622141408091,"Retailer","KSA SHOP "
"ESIA5",622141553555,622141408098,"Retailer","KSA SHOP "
"ESIA5",622141553555,622141408095,"Retailer","KSA SHOP "
"ESIA5",622141553555,622141408094,"Retailer","KSA SHOP "
"ESIA5",622141553555,622141408093,"Retailer","KSA SHOP "
"ESIA5",622141553555,622141406214,"Retailer","KSA SHOP "
"ESIA5",622141553555,622141406224,"Retailer","KSA SHOP "
"ESIA5",622141553555,622141553724,"Retailer","AKBAR CEL "
"ESIA5",622141553555,622141553802,"Retailer","YETTY CELL "
"ESIA5",622141553555,622141553679,"Retailer","UDO CELL "
"ESIA5",622141553555,622141553607,"Retailer","SHIHAB CELL "
"ESIA5",622141553555,622141553821,"Retailer","SASKIA CELL "
"ESIA5",622141553555,622141553609,"Retailer","FAJAR CELL "
"ESIA5",622141553555,622141553895,"Retailer","FIRA CELL "
"ESIA5",622141553555,622141553950,"Retailer","JEFRY CELL "
"ESIA5",622141553555,622199417185,"Retailer","SALAMCELL "
"ESIA5",622141553555,622141554092,"Retailer","AMEL CELL "
"ESIA5",622141553555,622141553859,"Retailer","45 CELL "
"ESIA5",622141553555,622141554218,"Retailer","ADITYA CEL "
"ESIA5",622141553555,622141553623,"Retailer","YAZRIL "
"ESIA5",622141553555,622141553640,"Retailer","RIZKYCELL "
"ESIA5",622141553555,622199417181,"Retailer","CIREMAI CELL "
"ESIA5",622141553555,622141553563,"Retailer","RAJAWALI_A "
"ESIA5",622141553555,622141553675,"Retailer","MAYS CELL "
"ESIA5",622141553555,622141553764,"Retailer","NIMAS CELL "
"ESIA5",622141553555,622141553916,"Retailer","AYA CELL "
"ESIA5",622141553555,622141553722,"Retailer","DHANY CELL "
"ESIA5",622141553555,622141553684,"Retailer","BOM-BOM CELL "
"ESIA5",622141553555,622141553865,"Retailer","BELLACELL "
"ESIA5",622141553555,622141553915,"Retailer","SISKA CELL "
"ESIA5",622141553555,622141553554,"Retailer","WIJAYACELL "
"ESIA5",622141553555,622141553791,"Retailer","PUPU CELL "
"ESIA5",622141553555,622141553913,"Retailer","IIR CELULER "
"ESIA5",622141553555,622141554328,"Retailer","ROMAN CELL "
"ESIA5",622141553555,622141553736,"Retailer","ILYASCEL "
"ESIA6",622141553666,622141553650,"Retailer","DEBBYCELL "
"ESIA6",622141553666,622141553692,"Retailer","ITOCELL "
"ESIA6",622141553666,622141553877,"Retailer","PLASMA CELL "
"ESIA6",622141553666,622141553953,"Retailer","9CEL "
"ESIA6",622141553666,622141554105,"Retailer","SYILA CELL "
"ESIA6",622141553666,622141553729,"Retailer","RAIHANCALL "
"ESIA6",622141553666,622141553839,"Retailer","DAFACEL "
"ESIA6",622141553666,622141554322,"Retailer","ARYA CELL "
"ESIA6",622141553666,622141554103,"Retailer","AZKACELL "
"ESIA6",622141553666,622141553837,"Retailer","BIMACEL "
"ESIA6",622141553666,622141554340,"Retailer","RIVA "
"ESIA6",622141553666,622141553858,"Retailer","45CELL "
"ESIA6",622141553666,622141553238,"Retailer","SERLY CELL "
"ESIA6",622141553666,622141553571,"Retailer","TAPIS CELL "
"ESIA6",622141553666,622141553806,"Retailer","ZAHRA 2 "
"ESIA6",622141553666,622141553608,"Retailer","SIHAB2 "
"ESIA6",622141553666,622141553752,"Retailer","PALAPA CELL "
"ESIA6",622141553666,622141553792,"Retailer","RIZKY "
"ESIA6",622141553666,622141553668,"Retailer","BELLA CELL "
"ESIA6",622141553666,622141553943,"Retailer","PLASMA CELL "
"ESIA6",622141553666,622141553619,"Retailer","ATIKCEL "
"ESIA6",622141553666,622141553793,"Retailer","RIZKY "
"ESIA6",622141553666,622141554097,"Retailer","MEGA CELL "
"ESIA6",622141553666,622141554337,"Retailer","J15 "
"ESIA6",622141553666,622199422614,"Retailer","TARNI CELL "
"ESIA6",622141553666,622141553903,"Retailer","RIZALCELL "
"ESIA6",622141553666,622141554096,"Retailer","SURYA CELL3 "
"ESIA6",622141553666,622141553796,"Retailer","SAVANA "
"ESIA6",622141553666,622199417176,"Retailer","ADHY CELL "
"ESIA6",622141553666,622141554334,"Retailer","EMPACELL "
"ESIA6",622141553666,622141553847,"Retailer","D74Y "
"ESIA6",622141553666,622141553532,"Retailer","HAPPY CEL "
"ESIA6",622141553666,622141553740,"Retailer","ARI CEL "
"ESIA6",622141553666,622141554104,"Retailer","MUTIARA "
"ESIA6",622141553666,622141553947,"Retailer","SYIFA CELL "
"ESIA6",622141553666,622141553537,"Retailer","JAFARCEL "
"ESIA6",622141553666,622141553683,"Retailer","MITHA CELLULAR "
"ESIA6",622141553666,622141554112,"Retailer","ZAIDANCEL "
"ESIA6",622141553666,622141553682,"Retailer","PLASMA CELL "
"ESIA6",622141553666,622141553721,"Retailer","FANDY CELL "
"ESIA6",622141553666,622141553600,"Retailer","FANIS CELL "
"ESIA6",622141553666,622141553559,"Retailer","NAJWA2 "
"ESIA6",622141553666,622141553691,"Retailer","RIDWAN CELL "
"ESIA6",622141553666,622141553710,"Retailer","JAMAL CELL "
"ESIA6",622141553666,622141553676,"Retailer","MAHKOTA CELL "
"ESIA6",622141553666,622141553861,"Retailer","CAHAYA CELL "
"ESIA6",622141553666,622141553594,"Retailer","DINAR CELL "
"ESIA6",622141553666,622199422615,"Retailer","AMANDA "
"ESIA6",622141553666,622199422631,"Retailer","SMART CELL "
"ESIA6",622141553666,622141553709,"Retailer","JOY ARTHA CELL "
"ESIA6",622141553666,622199422642,"Retailer","ECHI CELL "
"ESIA6",622141553666,622199422629,"Retailer","NILA CELL "
"ESIA6",622141553666,622199422611,"Retailer","GIBRAN CELL "
"ESIA6",622141553666,622199422617,"Retailer","UMAM "
"ESIA6",622141553666,622141554389,"Retailer","SIDIQ CEL "
"ESIA6",622141553666,622199422624,"Retailer","PUTRA CELL "
"ESIA6",622141553666,622199422634,"Retailer","RAFZI CELL "
"ESIA6",622141553666,622199422584,"Retailer","HOCKY CELL "
"ESIA6",622141553666,622199422616,"Retailer","YAZDAN "
"ESIA6",622141553666,622199422607,"Retailer","BIO CELL 2 "
"ESIA6",622141553666,622199422581,"Retailer","RISQY "
"ESIA6",622141553666,622199422639,"Retailer","ksa "
"ESIA6",622141553666,622199422632,"Retailer","IREN CELL "
"ESIA6",622141553666,622199422633,"Retailer","KAHLA CELL "
"ESIA6",622141553666,622199422647,"Retailer","ILHAM CELL "
"ESIA6",622141553666,622199418899,"Retailer","ksa "
"ESIA6",622141553666,622156153492,"Retailer","WAWAN CELL "
"ESIA6",622141553666,622156153494,"Retailer","FIA CELL "
"ESIA6",622141553666,622199422555,"Retailer","EMANK CELL "
"ESIA6",622141553666,622156153493,"Retailer","AZMA/JACK "
"ESIA6",622141553666,622156153495,"Retailer","PIXEL CELL "
"ESIA6",622141553666,622156153499,"Retailer","BAGUS CELL "
"ESIA6",622141553666,622151243555,"Retailer","RENI CELL "
"ESIA6",622141553666,622156153498,"Retailer","SIDI SUPARDI "
"ESIA6",622141553666,622141553610,"Retailer","ARIFIN CELL "
"ESIA6",622141553666,622141554461,"Retailer","RANDI CELL "
"ESIA6",622141553666,622156153496,"Retailer","FAVOURITEL "
"ESIA6",622141553666,622199422636,"Retailer","DRAGON "
"ESIA6",622141553666,622156154666,"Retailer","UKIE PONCELL "
"ESIA6",622141553666,622141553530,"Retailer","NAMICEL "
"ESIA6",622141553666,622156153497,"Retailer","ksa "
"ESIA6",622141553666,622141554319,"Retailer","SAHABATCEL "
"ESIA6",622141553666,622141553567,"Retailer","ATALA CELL "
"ESIA6",622141553666,622141553813,"Retailer","IRPAN CELL "
"ESIA6",622141553666,622141554223,"Retailer","ZIDANE CEL "
"ESIA6",622141553666,622141553728,"Retailer","RAIHANCALL "
"ESIA6",622141553666,622141554381,"Retailer","HARIS CELL "
"ESIA6",622141553666,622141553851,"Retailer","ELSACEL "
"ESIA6",622141553666,622141554460,"Retailer","RIAN CELL "
"ESIA6",622141553666,622141404839,"Retailer","LCS 2 "
"ESIA6",622141553666,622141553896,"Retailer","BONGGAS CELL "
"ESIA6",622141553666,622141553946,"Retailer","DILA CELL "
"ESIA6",622141553666,622141553712,"Retailer","KASIH CELL "
"ESIA6",622141553666,622141553523,"Retailer","TIARACEL "
"ESIA6",622141553666,622141553645,"Retailer","OMAT.CELL "
"ESIA6",622141553666,622141553663,"Retailer","NINGRATCELL "
"ESIA6",622141553666,622141553999,"Retailer","SUNRISE "
"ESIA6",622141553666,622141553672,"Retailer","CI MEI "
"ESIA6",622141553666,622141553670,"Retailer","ANNISA CELL "
"ESIA6",622141553666,622141553956,"Retailer","DESADA CELL 1 "
"ESIA6",622141553666,622141553826,"Retailer","SAPTA "
"ESIA6",622141553666,622141553809,"Retailer","SYAUKI CELL "
"ESIA6",622141553666,622141553750,"Retailer","CEMEN CELL "
"ESIA6",622141553666,622141553674,"Retailer","SUMBER SUKSES SELULAR "
"ESIA6",622141553666,622141553739,"Retailer","ALAN CEL "
"ESIA6",622141553666,622141553875,"Retailer","RIZKY CELL "
"ESIA6",622141553666,622141553731,"Retailer","HARY CELL "
"ESIA6",622141553666,622141553825,"Retailer","ANUGRAH CELL "
"ESIA6",622141553666,622141553634,"Retailer","HENDRACEL "
"ESIA6",622141553666,622141553873,"Retailer","PLASMA CELL "
"ESIA6",622141553666,622141553632,"Retailer","LINDA "
"ESIA6",622141553666,622141553639,"Retailer","NAJWA1 "
"ESIA6",622141553666,622141553849,"Retailer","LINTANG CELL "
"ESIA6",622141553666,622141553529,"Retailer","BANI CELL "
"ESIA6",622141553666,622141553799,"Retailer","NISSA CELL "
"ESIA6",622141553666,622141553568,"Retailer","YAN CELL "
"ESIA6",622141553666,622141553570,"Retailer","LARIS CELL "
"ESIA6",622141553666,622141554329,"Retailer","ZULFA "
"ESIA6",622141553666,622141553738,"Retailer","MTV CEL "
"ESIA7",622141553777,622141553527,"Retailer","NABILA CELL "
"ESIA7",622141553777,622141553661,"Retailer","YAYAH CELL "
"ESIA7",622141553777,622141553552,"Retailer","TRIDAYA "
"ESIA7",622141553777,622141553641,"Retailer","HAFIS CEL "
"ESIA7",622141553777,622141553747,"Retailer","INAS CEL "
"ESIA7",622141553777,622141553694,"Retailer","JS CELL "
"ESIA7",622141553777,622141553808,"Retailer","NADYA AYUNINGTYAS CELL "
"ESIA7",622141553777,622141554107,"Retailer","LYA CELL "
"ESIA7",622141553777,622141553572,"Retailer","DAndA CELL "
"ESIA7",622141553777,622141553667,"Retailer","BELLA CELL 2 "
"ESIA7",622141553777,622141553586,"Retailer","HERY CELL "
"ESIA7",622141553777,622141553757,"Retailer","KOPRO "
"ESIA7",622141553777,622141553601,"Retailer","SMART+ "
"ESIA7",622141553777,622141553519,"Retailer","LCS CEL "
"ESIA7",622141553777,622141554113,"Retailer","MASTERCELL "
"ESIA7",622141553777,622141553536,"Retailer","ORINCELL "
"ESIA7",622141553777,622141553741,"Retailer","INDAH CEL "
"ESIA7",622141553777,622141553654,"Retailer","DAndS CELL "
"ESIA7",622141553777,622141554387,"Retailer","FAQIH CELL "
"ESIA7",622141553777,622141553574,"Retailer","UKIE PONCEL "
"ESIA7",622141553777,622141553573,"Retailer","RIDWAN CELL "
"ESIA7",622141553777,622141553575,"Retailer","ATTALLAH 2 "
"ESIA7",622141553777,622141553914,"Retailer","BUNCITZCELL "
"ESIA7",622141553777,622141554380,"Retailer","ANIRA PULSA "
"ESIA7",622141553777,622141553625,"Retailer","ANDIENCEL "
"ESIA7",622141553777,622199417175,"Retailer","YADI CELL "
"ESIA7",622141553777,622141553961,"Retailer","FIRA CELL2 "
"ESIA7",622141553777,622141553592,"Retailer","ERINDA CELL "
"ESIA7",622141553777,622141553237,"Retailer","SHERLY CELL "
"ESIA7",622141553777,622141553818,"Retailer","BILQISH "
"ESIA7",622141553777,622141553549,"Retailer","AWAL CELL "
"ESIA7",622141553777,622141553909,"Retailer","PARMACEL "
"ESIA7",622141553777,622141553229,"Retailer","MITRACELL "
"ESIA7",622141553777,622141554228,"Retailer","SOFIE CELL "
"ESIA7",622141553777,622141553762,"Retailer","PELANGI "
"ESIA7",622141553777,622141554368,"Retailer","KONOHA CELL "
"ESIA7",622141553777,622141553538,"Retailer","UDIN BCA CEL "
"ESIA7",622141553777,622141553535,"Retailer","KEDOYACEL "
"ESIA7",622141553777,622141553551,"Retailer","METRO CEL "
"ESIA7",622141553777,622141553660,"Retailer","75 CELL "
"ESIA7",622141553777,622141554109,"Retailer","MUNIROH "
"ESIA7",622141553777,622141553945,"Retailer","SARICELL "
"ESIA7",622141553777,622141553871,"Retailer","PURNAMA CELL "
"ESIA7",622141553777,622151241455,"Retailer","DIANA CELL "
"ESIA7",622141553777,622151243610,"Retailer","INOVASI "
"ESIA7",622141553777,622151243614,"Retailer","REZEKI CELL "
"ESIA7",622141553777,622151243591,"Retailer","ROXY CELL "
"ESIA7",622141553777,622151241453,"Retailer","MM CELL "
"ESIA7",622141553777,622151241454,"Retailer","MICHAEL "
"ESIA7",622141553777,622199422560,"Retailer","RAZKA CELL "
"ESIA7",622141553777,622199422569,"Retailer","POPPY CELL "
"ESIA7",622141553777,622199422564,"Retailer","DILAH CELL "
"ESIA7",622141553777,622199422570,"Retailer","NABILA (TAG) "
"ESIA7",622141553777,622199422562,"Retailer","SAKTI CELL "
"ESIA7",622141553777,622151243563,"Retailer","DELINA CELL "
"ESIA7",622141553777,622151243605,"Retailer","PASS CELL "
"ESIA7",622141553777,622151243564,"Retailer","JUNIOR CELL "
"ESIA7",622141553777,622141553689,"Retailer","ANNISSA CELL "
"ESIA7",622141553777,622151243565,"Retailer","JAYA CELL "
"ESIA7",622141553777,622151243611,"Retailer","ksa "
"ESIA7",622141553777,622141402093,"Retailer","BAROKAH CELL "
"ESIA7",622141553777,622151243607,"Retailer","ADHENA CELL "
"ESIA7",622141553777,622151243608,"Retailer","JOHN KOLLING "
"ESIA7",622141553777,622151243590,"Retailer","BRIVO 3 "
"ESIA7",622141553777,622151243606,"Retailer","MATHEW CELL "
"ESIA7",622141553777,622151243613,"Retailer","FANI CELL "
"ESIA7",622141553777,622151243612,"Retailer","BLUE CELL "
"ESIA7",622141553777,622141553951,"Retailer","POS CELL 1 "
"ESIA7",622141553777,622141553518,"Retailer","BENGOCEL "
"ESIA7",622141553777,622199418925,"Retailer","INDO CELL "
"ESIA7",622141553777,622141402102,"Retailer","AN CELL "
"ESIA7",622141553777,622141402112,"Retailer","KSA SHOP "
"ESIA7",622141553777,622141553730,"Retailer","STAR CELL "
"ESIA7",622141553777,622141553816,"Retailer","FAMILA2 "
"ESIA7",622141553777,622141553810,"Retailer","FAMILA 1 "
"ESIA7",622141553777,622141553804,"Retailer","ANIS CELL "
"ESIA7",622141553777,622151241456,"Retailer","DANY CELL "
"ESIA7",622141553777,622141554226,"Retailer","KAMALCEL "
"ESIA7",622141553777,622141553754,"Retailer","ROZIKIN CELL "
"ESIA7",622141553777,622141553521,"Retailer","SAHRONI CEL "
"ESIA7",622141553777,622141553749,"Retailer","JAWARA "
"ESIA7",622141553777,622141553848,"Retailer","ANTON "
"ESIA7",622141553777,622141553751,"Retailer","K CELL "
"ESIA7",622141553777,622141553716,"Retailer","DEVONA CELL "
"ESIA7",622141553777,622141402081,"Retailer","ALAM CELL "
"ESIA7",622141553777,622141402079,"Retailer","X CELL "
"ESIA7",622141553777,622141402082,"Retailer","KENT CELL "
"ESIA7",622141553777,622141402089,"Retailer","BLUE CELL "
"ESIA7",622141553777,622141402084,"Retailer","KSA SHOP "
"ESIA7",622141553777,622141402083,"Retailer","STAR PHONE CELL "
"ESIA7",622141553777,622141402110,"Retailer","DILLA CELL "
"ESIA7",622141553777,622141402095,"Retailer","MAUL CELL "
"ESIA7",622141553777,622141402103,"Retailer","KSA SHOP "
"ESIA7",622141553777,622151241452,"Retailer","NUR CELL "
"ESIA7",622141553777,622141404834,"Retailer","MOCHIL CELL "
"ESIA7",622141553777,622141404833,"Retailer","RADIKA CELL "
"ESIA7",622141553777,622141408063,"Retailer","KSA SHOP "
"ESIA7",622141553777,622141408071,"Retailer","KSA SHOP "
"ESIA7",622141553777,622141408081,"Retailer","KSA SHOP "
"ESIA7",622141553777,622141408074,"Retailer","KSA SHOP "
"ESIA7",622141553777,622141408068,"Retailer","KSA SHOP "
"ESIA7",622141553777,622141408065,"Retailer","KSA SHOP "
"ESIA7",622141553777,622141408084,"Retailer","KSA SHOP "
"ESIA7",622141553777,622141408083,"Retailer","KSA SHOP "
"ESIA7",622141553777,622141408073,"Retailer","KSA SHOP "
"ESIA7",622141553777,622141408077,"Retailer","KSA SHOP "
"ESIA7",622141553777,622141406184,"Retailer","KSA SHOP "
"ESIA7",622141553777,622141408070,"Retailer","KSA SHOP "
"ESIA7",622141553777,622141408067,"Retailer","KSA SHOP "
"ESIA7",622141553777,622141408079,"Retailer","KSA SHOP "
"ESIA7",622141553777,622141404835,"Retailer","VITA CELL "
"ESIA7",622141553777,622141404837,"Retailer","KSA SHOP "
"ESIA7",622141553777,622141406185,"Retailer","KSA SHOP "
"ESIA7",622141553777,622141404836,"Retailer","SAIROMA 2 "
"ESIA7",622141553777,622141553232,"Retailer","AMA NIKI CEL "
"ESIA7",622141553777,622141554101,"Retailer","SURYA CELLI "
"ESIA7",622141553777,622141553646,"Retailer","SURYACELL "
"ESIA7",622141553777,622141553957,"Retailer","DESADA CEL2 "
"ESIA7",622141553777,622141554100,"Retailer","IWAN CELL "
"ESIA7",622141553777,622141553829,"Retailer","SMAZCELL "
"ESIA7",622141553777,622141553693,"Retailer","PUJY CELL "
"ESIA7",622141553777,622141554383,"Retailer","LESTARICELL "
"ESIA7",622141553777,622141553565,"Retailer","FITRICELL "
"ESIA7",622141553777,622141553727,"Retailer","RAIHANCALL "
"ESIA7",622141553777,622141553831,"Retailer","MISCELL "
"ESIA7",622141553777,622141553960,"Retailer","FIRA CELL "
"ESIA7",622141553777,622141553664,"Retailer","PLUS CELL "
"ESIA7",622141553777,622141553838,"Retailer","RANGGACEL "
"ESIA7",622141553777,622141553558,"Retailer","RAFLY "
"ESIA7",622141553777,622141553687,"Retailer","HULL CELL "
"ESIA7",622141553777,622141554375,"Retailer","RASKA-RISKI CEL "
"ESIA7",622141553777,622141553704,"Retailer","NAND0CEL "
"ESIA7",622141553777,622141553756,"Retailer","INAS "
"ESIA7",622141553777,622141553678,"Retailer","UDO CELL "
"ESIA7",622141553777,622141554391,"Retailer","AMMO CELL "
"ESIA7",622141553777,622141553723,"Retailer","JORIMIN "
"ESIA7",622141553777,622141553225,"Retailer","FANIS3 "
"ESIA7",622141553777,622141553669,"Retailer","SAKAI CELL "
"ESIA7",622141553777,622141553545,"Retailer","RAFI CEL "
"ESIA7",622141553777,622141553643,"Retailer","D CENTRE "
"ESIA7",622141553777,622141553963,"Retailer","RYU CELL "
"ESIA8",622141553888,622141554456,"Retailer","AREVA "
"ESIA8",622141553888,622141554443,"Retailer","PUM "
"ESIA8",622141553888,622141553524,"Retailer","NAJWA CELL "
"ESIA8",622141553888,622141554452,"Retailer","ATUNCELL "
"ESIA8",622141553888,622141554453,"Retailer","NONICELL "
"ESIA8",622141553888,622141553879,"Retailer","PUM "
"ESIA8",622141553888,622141554462,"Retailer","HADI CELL "
"ESIA8",622141553888,622141554468,"Retailer","OKE "
"ESIA8",622141553888,622199422554,"Retailer","RADJA SHOP "
"ESIA8",622141553888,622199422538,"Retailer","RADJA SHOP "
"ESIA8",622141553888,622199422547,"Retailer","RADJA SHOP "
"ESIA8",622141553888,622199418920,"Retailer","RADJA SHOP "
"ESIA8",622141553888,622199422545,"Retailer","RADJA SHOP "
"ESIA8",622141553888,622141553889,"Retailer","AA CELL "
"ESIA8",622141553888,622199418903,"Retailer","RADJA SHOP "
"ESIA8",622141553888,622199418921,"Retailer","RADJA SHOP "
"ESIA8",622141553888,622141554457,"Retailer","EKOCELL "
"ESIA8",622141553888,622141554463,"Retailer","DISIS "
"ESIA8",622141553888,622199418909,"Retailer","RADJA SHOP "
"ESIA8",622141553888,622199418912,"Retailer","RADJA SHOP "
"ESIA8",622141553888,622156153484,"Retailer","ksa "
"ESIA8",622141553888,622156153483,"Retailer","ksa "
"ESIA8",622141553888,622141553803,"Retailer","PLANETCELL "
"ESIA8",622141553888,622141554465,"Retailer","WIWI "
"ESIA8",622141553888,622141406195,"Retailer","RADJA SHOP "
"ESIA8",622141553888,622141406194,"Retailer","RADJA SHOP "
"ESIA8",622141553888,622141402109,"Retailer","KSA SHOP "
"ESIA8",622141553888,622141406193,"Retailer","RADJA SHOP "
"ESIA8",622141553888,622141406197,"Retailer","RADJA SHOP "
"ESIA8",622141553888,622141406196,"Retailer","RADJA SHOP "
"ESIA8",622141553888,622141554449,"Retailer","RADJA RELOAD "
"ESIA8",622141553888,622141554455,"Retailer","RADJA SHOP "
"ESIA8",622141553888,622141554464,"Retailer","RADJA SHOP "
"ESIA8",622141553888,622141554454,"Retailer","RADJA SHOP "
"ESIA8",622141553888,622141554446,"Retailer","FADIEL CELL "
"ESIA8",622141553888,622141553994,"Retailer","MERRY CELL 2 "
"ESIA8",622141553888,622141554400,"Retailer","MERRY CELL "
"ESIA8",622141553888,622141553884,"Retailer","PUM "
"ESIA8",622141553888,622141553887,"Retailer","FIA CELL "
"ESIA8",622141553888,622141553886,"Retailer","PUM "
"ESIA8",622141553888,622141553882,"Retailer","PUM "
"ESIA8",622141553888,622141553997,"Retailer","MUSLIM CELL "
"ESIA8",622141553888,622141553993,"Retailer","AWAN CELL "
"ESIA8",622141553888,622141554467,"Retailer","DISIS "
"ESIA8",622141553888,622141553992,"Retailer","PLANET CELL "
"ESIA8",622141553888,622141553880,"Retailer","PUM "
"ESIA8",622141553888,622141553881,"Retailer","PUM "
"ESIA8",622141553888,622141553878,"Retailer","PUM "
"ESIA8",622141553888,622141553885,"Retailer","PUM "
"ESIA8",622141553888,622141553883,"Retailer","PUM "
"ESIA8",622141553888,622141554466,"Retailer","RADJA SHOP "
